{"1": 0.2617468434576178, "2": 0.26117409094144234, "3": 0.2581880040346814, "4": 0.25291225515125415, "5": 0.24915338784261754, "6": 0.2481509710179625, "7": 0.2550339176485296, "8": 0.251708575897521, "9": 0.2521716743938813, "10": 0.25255410098980646, "11": 0.25237307162848344, "12": 0.25237959696005974, "13": 0.2536380026751875, "14": 0.2541803837310676, "15": 0.25486403264269714, "16": 0.2561705604982371, "17": 0.2575848701576138, "18": 0.25909021493885137, "19": 0.26087291291213666, "20": 0.2638031185670437}