{"Arabic": 0.3140984728919986, "Basque": 0.2638031185670359, "Catalan": 0.3306195250911164, "Chinese": 0.32192706265694504, "Czech": 0.29963652148291375, "English": 0.3326981570252918, "Greek": 0.3040316655536777, "Hungarian": 0.27725345957760483, "Italian": 0.31569725344171085, "Turkish": 0.3438839779705554}