{"Arabic": 0.3081497992530667, "Basque": 0.2651089628902659, "Catalan": 0.3106664262406031, "Chinese": 0.3190111694329686, "Czech": 0.3074892072601943, "English": 0.3147921068999576, "Greek": 0.30168922132085046, "Hungarian": 0.26113240544124233, "Italian": 0.32026605852003664, "Turkish": 0.3277231072540795}