{"1": 0.32418225677845636, "2": 0.3009880700052463, "3": 0.2895799739914793, "4": 0.28393461248510976, "5": 0.28076766775743567, "6": 0.27771613747645574, "7": 0.2763043967241653, "8": 0.27464456025466244, "9": 0.2733136030065699, "10": 0.27225161490678723, "11": 0.2710028158223283, "12": 0.26973668414892726, "13": 0.26809461305091914, "14": 0.26716357530999235, "15": 0.2660530971347742, "16": 0.2648682887627327, "17": 0.2636115884140529, "18": 0.2623414960217318, "19": 0.2618649140972267, "20": 0.26380311856703914}