{"1": 0.2607094459094509, "2": 0.25806222926188266, "3": 0.26124313084717454, "4": 0.2613811696567072, "5": 0.26115268561776145, "6": 0.26073309963873403, "7": 0.26120286003843507, "8": 0.26144805481735667, "9": 0.26115944769292404, "10": 0.26613155558553087, "11": 0.2652121169703029, "12": 0.2647794738511265, "13": 0.26397375725263617, "14": 0.2635400504803429, "15": 0.2632360111201861, "16": 0.26296006595957977, "17": 0.26331175843815935, "18": 0.2633964471450859, "19": 0.2635831958146691, "20": 0.2638031185670359}