{"1": 0.25596974169021963, "2": 0.25616840890033965, "3": 0.25829733724322934, "4": 0.25834799547196813, "5": 0.25887308944304105, "6": 0.2593412941564744, "7": 0.2591259481428866, "8": 0.2592685295991724, "9": 0.2590234598391125, "10": 0.25950045592849946, "11": 0.26007808831773505, "12": 0.2603120988170694, "13": 0.26278129921582427, "14": 0.2624438869804455, "15": 0.26293620581271937, "16": 0.262835274669071, "17": 0.26299200529806355, "18": 0.2631007221488086, "19": 0.26341659542060064, "20": 0.2638031185670378}