{"Basque": {"0": 0.31805401923702437, "1": 0.2978636279020614, "2": 0.2945719925204627, "3": 0.3098911190653944, "4": 0.3073374641062042, "5": 0.29862645226715984, "6": 0.328478907982882, "7": 0.31466540126824355, "8": 0.31169493618825395, "9": 0.3460575538631827, "10": 0.31891157081479327, "11": 0.31730795751363233, "12": 0.3219163527228019, "13": 0.32244364396999453, "14": 0.31462487221157925, "15": 0.315565810120488, "16": 0.3119214635763664, "17": 0.34299638272766503, "18": 0.2923698921413625, "19": 0.3222329501227004}, "Greek": {"0": 0.3116597843404673, "1": 0.3227000128875415, "2": 0.32008700780884725, "3": 0.3091083928080609, "4": 0.30657792928937916, "5": 0.3168390710083477, "6": 0.3152462377960743, "7": 0.3289999779182012, "8": 0.323072938320334, "9": 0.31827793206918875, "10": 0.31232579150335404, "11": 0.3198448403976953, "12": 0.31068091988013474, "13": 0.3069849059984115, "14": 0.3179315882426426, "15": 0.3143952509694967, "16": 0.32079467918852855, "17": 0.313261318518032, "18": 0.3138316087814517, "19": 0.31029776545939924}, "Turkish": {"0": 0.343447415356505, "1": 0.34497406840534856, "2": 0.347728453158862, "3": 0.3432504976533609, "4": 0.3441136911375572, "5": 0.337677781739664, "6": 0.34210611127985285, "7": 0.3380277560383403, "8": 0.3476807058395127, "9": 0.3425312748678994, "10": 0.343392437235836, "11": 0.3495297216357362, "12": 0.3458852544197833, "13": 0.34299692707533724, "14": 0.34541469217713267, "15": 0.3490273693947661, "16": 0.34523502727993516, "17": 0.34061681512904823, "18": 0.3474393489553284, "19": 0.346785334250589}}