{"Basque": {"0": 0.15016335039394355, "1": 0.1472791949602949, "2": 0.14608787777905344, "3": 0.1504500886639594, "4": 0.1469502706549003, "5": 0.15224215804884766, "6": 0.15153424759333767, "7": 0.14690141564443676, "8": 0.14528961147878727, "9": 0.1453094347391528, "10": 0.14805801993631543, "11": 0.14543408425394752, "12": 0.15546277437078332, "13": 0.15323981319848126, "14": 0.15019977200789728, "15": 0.14846178410861285, "16": 0.1486871393878845, "17": 0.15055114377547538, "18": 0.149090198299174, "19": 0.15085034712573706}, "Greek": {"0": 0.19114326842773235, "1": 0.19123506057491146, "2": 0.19099200324562424, "3": 0.19098438817489383, "4": 0.19080480281862217, "5": 0.19097043239154443, "6": 0.1894218573310379, "7": 0.19127439088376738, "8": 0.1920928751431977, "9": 0.1911073948912121, "10": 0.19069145271073312, "11": 0.1909706014643172, "12": 0.1904107594249581, "13": 0.19142587172652573, "14": 0.19045913956218574, "15": 0.19014242123126981, "16": 0.19016085736552205, "17": 0.19085731491746286, "18": 0.1901375517601751, "19": 0.19140017377185142}, "Turkish": {"0": 0.14630743209686767, "1": 0.14929485807033854, "2": 0.14737293740799556, "3": 0.1474610484981, "4": 0.1473569160534906, "5": 0.14614287218188035, "6": 0.1484058308267974, "7": 0.14793228335170724, "8": 0.1496810171394931, "9": 0.14594571713535515, "10": 0.14525985240029432, "11": 0.1454406014105337, "12": 0.15170802800130292, "13": 0.14545601621146273, "14": 0.14559150169068746, "15": 0.14960384949736105, "16": 0.14529455015246573, "17": 0.14803590206868725, "18": 0.14767496929702237, "19": 0.1444172389560296}}